{
  "swagger" : "2.0",
  "info" : {
    "title" : "MX_Gateway",
    "version" : "1.0.0",
    "description" : "MX_Gateway"
  },
  "paths" : {
    "/maximo" : {
      "post" : {
        "operationId" : "postMaximo",
        "responses" : {
          "204" : {
            "description" : "No Content"
          }
        },
        "consumes" : [ "application/json" ],
        "produces" : [ "application/json" ],
        "description" : "Insert a maximo",
        "parameters" : [ {
          "name" : "body",
          "in" : "body",
          "schema" : {
            "type" : "string"
          },
          "description" : "The request body for the operation",
          "required" : true
        } ]
      }
    }
  },
  "basePath" : "/mx_gateway/v1"
}